diameter,bending angle,velocityofbending,velocityofbooster,relative thickness,relative radius,extention of mandrel,friction of mandrel,firction of pressure die,firction of wiper die,forming temp,label in rad,label in deg
64.22900989,44.7300286,0.799277085,1.333388776,0.054296581,3.071091748,0.037620448,0.062627428,0.195222631,0.247231488,437.3014059,0.069186978,3.96412186
61.65471322,83.45516487,0.981350325,1.374325587,0.060806657,2.774291188,0.689767369,0.156579194,0.203732716,0.19592722,144.7311754,0.152629568,8.7450301
67.18078902,126.6909157,1.331023883,0.887365664,0.043123871,2.561856281,0.615348593,0.143195502,0.103465148,0.167347708,554.1832141,0.109906388,6.297172198
62.07437687,71.28681199,1.068222139,0.857470647,0.081365369,4.314416875,0.172769385,0.050852164,0.196130643,0.190708041,594.9750872,0.096045848,5.503021754
43.45611193,42.60966413,0.786440263,1.480374053,0.046360257,2.745145995,0.068161536,0.184423487,0.19468059,0.24018458,207.412015,0.103471258,5.928466408
21.29422359,92.56524244,1.484807145,1.102295126,0.090312384,4.477121026,0.821130073,0.070227751,0.186689283,0.230380226,225.5958469,0.205039468,11.74789617
36.72524415,52.03559458,1.1437079,1.218701216,0.08925003,2.905391763,0.639451001,0.197830812,0.161579884,0.207196126,148.3926897,0.115495608,6.617410916
65.40258444,59.94653231,0.849157999,0.876815217,0.0610006,3.674984659,0.184428334,0.190805916,0.107102217,0.134210727,36.92629154,0.187218428,10.7268258
59.95872166,122.9361055,1.162660074,1.459522851,0.036097363,2.709814211,0.761158824,0.115880488,0.119554054,0.147961449,159.6526976,0.194975588,11.17127832
61.94312223,90.90478577,0.818657534,1.46213895,0.071852968,4.074802757,1.165331339,0.188315466,0.1466697,0.159393394,211.3725578,0.181022816,10.37184338
53.47925158,126.2125861,0.795085318,1.150441965,0.069858178,4.033594383,0.145857254,0.180078525,0.217300066,0.13484452,112.6612254,0.286236728,16.40015648
33.53372944,40.0252401,1.495510312,1.300187754,0.089583938,3.95214,0.382216682,0.099909466,0.161167956,0.205670616,548.6645808,0.080056828,4.58691839
68.79233466,32.47464007,1.338403422,1.098436291,0.093005377,3.447925104,0.711890938,0.096926591,0.227234602,0.248202204,589.0674548,0.010824614,0.620204722
35.25692134,54.60012127,0.915574095,1.008334578,0.07126194,3.022557349,1.059994452,0.152611146,0.191680644,0.241247497,290.0403853,0.058437176,3.348203576
43.12491475,115.663562,1.492071481,1.124011395,0.055562823,3.247163513,0.950656718,0.171115682,0.161741977,0.222767964,460.2314456,0.125452556,7.187902012
66.78265732,35.09145537,1.185235048,0.890617808,0.094435764,3.924363307,0.149060695,0.10055956,0.116559512,0.23559955,259.6495676,0.111070298,6.363859328
42.30897767,76.05199123,1.460421549,0.971083565,0.082255112,2.941467625,0.100138578,0.158171208,0.127939409,0.152170808,355.1087591,0.129484428,7.418911262
31.65228634,91.45819671,1.477367018,1.401793673,0.07879747,2.624592877,0.551930498,0.081705707,0.171684342,0.14898462,135.8000322,0.177145248,10.1496751
20.82907912,73.11736996,1.225123753,0.874575014,0.051930575,3.946439028,0.54176035,0.111258304,0.13273816,0.183272718,373.1968741,0.116014448,6.647138258
35.4484781,89.38047622,1.035748347,0.67960579,0.050761826,3.377694096,0.360619155,0.166640769,0.168944364,0.213179598,466.9597223,0.106024528,6.074758004
48.78305454,106.7644499,1.325648356,1.426529972,0.068717356,4.301124761,0.29495844,0.149007255,0.232975619,0.182034416,233.0488269,0.240475168,13.77821223
68.33666772,53.89314747,0.790030449,0.930349093,0.046852463,3.266714088,0.558488559,0.109467783,0.205123106,0.222094053,312.8104751,0.075314308,4.31519201
25.91377637,118.0946014,1.183695279,1.090430436,0.057879694,3.69890522,0.501836662,0.051849948,0.165858879,0.147056035,342.7102837,0.195080488,11.17728865
38.01612517,68.85351764,1.02975116,0.752857835,0.067859904,4.055571353,0.955477179,0.070902879,0.193075765,0.209948968,488.7227174,0.065639468,3.76086451
69.1523854,110.1811199,1.269402037,1.467882244,0.093733196,4.2249856,1.026857806,0.150293854,0.217512888,0.243295868,526.5721822,0.140564808,8.05377027
56.99653263,85.41725688,1.00266772,1.023159389,0.043347488,4.551810174,0.933813745,0.083194513,0.232074976,0.151381163,528.8824431,0.09587034,5.492965886
35.09617582,67.83833681,0.945782686,0.804935337,0.087304932,4.967310495,0.441456173,0.127988442,0.119000509,0.187838981,38.94146493,0.219266168,12.56302604
29.93028259,43.14526118,0.731686591,1.171590767,0.086382504,2.715486375,0.299617259,0.173746646,0.175752436,0.116229026,407.6419797,0.05783812,3.313880196
62.27969265,61.77205622,1.153396128,0.933657031,0.075885456,3.622753348,0.519844585,0.137273915,0.165523934,0.201211254,591.4038493,0.049646968,2.844561756
66.92940566,105.8130733,1.252875338,0.716965487,0.068592558,2.769887596,0.592875231,0.101634186,0.204766621,0.101392803,35.33247873,0.194313688,11.13335425
48.10593703,86.85973373,0.77690134,1.164563966,0.052868349,4.851884875,0.007480219,0.115200826,0.150089195,0.245310166,461.0469123,0.170701608,9.780481718
55.05698714,131.6192764,1.434394837,0.98452068,0.094646646,4.111270288,1.000902013,0.061624323,0.188076863,0.153622864,396.6645477,0.184792188,10.58781248
55.8415177,90.50580572,0.97855058,1.083023929,0.095392948,3.965148015,0.083182221,0.087387705,0.133889788,0.143006146,563.5646681,0.128251088,7.348246084
56.67054593,40.33202966,1.398682724,1.247955928,0.0917055,4.814134371,0.979364363,0.16766525,0.105120069,0.220828291,555.787777,0.045937256,2.632010916
63.36340021,81.39030634,1.014072602,1.324610019,0.083660665,4.176938058,1.079038547,0.117085406,0.218582918,0.110944019,401.7811847,0.1185788,6.794064804
33.13538358,116.3227412,1.077081581,0.819956497,0.066715724,3.755885218,0.920185076,0.108983506,0.137138117,0.120456574,192.4791556,0.193760948,11.10168458
34.02664493,44.33479352,0.933029329,1.435077493,0.086701779,3.340228381,0.341919147,0.07658255,0.231688594,0.175848429,133.2365578,0.138883828,7.957457212
60.2867059,30.89473653,0.924238933,1.05367289,0.064263175,2.507962365,0.596541423,0.191533384,0.117557461,0.130833726,321.0973499,0.032900864,1.885080674
62.48618895,70.85581273,0.962616126,1.293165142,0.053520757,2.972011099,0.936521536,0.069945668,0.237503993,0.148389241,494.8701129,0.047568582,2.72547901
53.97905741,110.7519005,1.342569379,0.721535713,0.047515203,4.543897893,1.016613571,0.175886943,0.227597147,0.119282148,59.9058241,0.225470768,12.91852343
53.80130723,106.2424336,0.778693619,1.348087472,0.091834287,3.411384914,0.607528404,0.182409657,0.20132513,0.210175823,597.2649289,0.121007428,6.933214938
50.82627529,113.3397863,1.425410672,1.250976992,0.046988344,3.59048716,0.064579569,0.113272788,0.240867611,0.219861881,537.2657101,0.169470608,9.709950614
47.2152068,65.78007376,1.018159199,0.676302348,0.08902192,3.353226698,0.974316044,0.193350058,0.118400817,0.133032085,374.8325334,0.076356088,4.374881606
49.11007341,78.51333056,0.763896737,0.667584992,0.09492468,3.398263405,0.185261786,0.147151541,0.224179204,0.166697105,212.5420985,0.165221208,9.466477928
66.46895119,38.93441552,0.784390656,1.206948399,0.072492317,3.04620143,0.471447894,0.174165916,0.208080924,0.248578175,479.5303555,0.035092808,2.010669814
40.759792,69.67992278,1.192292334,1.036228315,0.096244402,4.129148127,0.643202291,0.158697592,0.233681856,0.233981502,501.1480345,0.096420768,5.524503088
39.50405695,110.6548627,1.455887813,0.843440544,0.074016767,3.64712792,0.242053768,0.104627975,0.238769362,0.20064651,65.35956363,0.252003008,14.43870881
44.88341875,82.216216,0.719558209,1.419271009,0.035850941,2.969796992,0.368563997,0.122441951,0.142830841,0.119599046,311.631225,0.133885568,7.671078008
35.89993389,37.63115771,1.375759409,1.416854776,0.048473318,4.783417371,0.730963807,0.069279781,0.227918863,0.182623272,400.7568035,0.098167398,5.624577616
30.25262336,49.09685342,0.754557242,0.899106275,0.087129041,2.754355086,0.359316542,0.187261489,0.241697205,0.171711867,454.5689093,0.046152458,2.644341082
35.35712197,63.97005988,1.276214029,1.248183176,0.084096257,4.760905406,0.674335495,0.102463161,0.189283362,0.148799239,328.7940221,0.151215388,8.664003554
21.49100357,94.7339483,1.296994239,0.763152612,0.075807265,4.838291928,0.777381508,0.145325457,0.177700752,0.13694081,33.95441733,0.238005248,13.63669624
54.17056157,113.4441622,1.195807707,1.473527877,0.040410509,4.138381053,1.123398128,0.095516541,0.194124525,0.208889455,44.96765955,0.232081548,13.29729323
32.90207892,133.8414711,0.759507961,1.125686462,0.078529812,4.388045057,0.400090967,0.076566898,0.245794459,0.204757072,21.36012897,0.315909209,18.10026436
20.04069407,66.85901097,1.364853848,0.617343075,0.035014219,4.801343772,0.576354977,0.137699624,0.164290156,0.229471842,433.3256082,0.103218996,5.91401286
47.47048934,122.0129401,1.357918198,1.147544478,0.038249549,4.03704994,1.153601907,0.079870469,0.226804526,0.216510607,556.967222,0.129758508,7.434614888
23.56922867,80.26913988,0.79812072,1.376879709,0.036721285,3.03657605,1.142127384,0.178568762,0.208506163,0.177413985,162.1443866,0.116596388,6.680480964
66.39799976,33.45181993,1.130926036,1.384545841,0.041049986,2.73905808,1.024129065,0.162532342,0.197025756,0.142431545,71.47663536,0.056452342,3.234480964
22.31595877,130.5385636,0.806231894,0.606600677,0.055108455,2.804181119,0.303119382,0.11403181,0.201598942,0.181144874,544.6833191,0.131458368,7.532009692
28.3809041,88.73077404,1.090526631,0.939960825,0.041182422,4.629882157,0.371088076,0.188676463,0.135759617,0.129860561,221.5987417,0.198189288,11.35540977
24.44900252,73.93454495,1.240943601,0.60205569,0.072897515,3.487251992,0.448605951,0.077330309,0.148838803,0.140344353,77.65643564,0.170554556,9.77205626
28.01976963,95.04747676,1.482600004,1.297771997,0.045229752,3.191086052,0.278178684,0.118253833,0.127317296,0.2106381,81.61073868,0.207340488,11.87973491
48.87151704,102.0169168,0.804050878,0.65856532,0.080851259,4.311805725,0.779157908,0.130523326,0.249606398,0.214873682,180.7421009,0.196390568,11.25235071
46.65784848,53.67949566,0.702470238,0.643739908,0.060038829,4.459076781,0.387233283,0.153660704,0.180707784,0.141552851,575.1459588,0.054591348,3.127853862
22.07494533,72.5654998,1.414487628,1.031290464,0.093997452,4.86903062,1.049559933,0.107663361,0.173138804,0.162724167,364.976879,0.135580748,7.768204668
41.42528315,109.8578214,1.306142112,1.079448407,0.070540379,3.65032018,0.262154112,0.154756512,0.202219609,0.132244764,458.7768517,0.165407328,9.47714182
64.32432433,68.58255359,1.327215945,0.944590969,0.038762326,2.874729951,1.183234889,0.064602445,0.188523769,0.141704139,543.4421069,0.013744862,0.787522606
57.77671385,77.36722036,1.406877934,1.110780634,0.035320325,4.417483929,0.876859383,0.14404287,0.148299029,0.155977286,486.0987899,0.095486068,5.470948724
40.92468291,111.4595419,0.802226992,1.167670997,0.083924941,3.883800633,0.076869881,0.05445515,0.124924816,0.10873422,539.0752627,0.162335956,9.301165166
67.80898947,36.80923932,1.275923234,1.016533971,0.036242855,4.687656267,0.155378555,0.080435007,0.158849707,0.177695849,377.6518093,0.100684148,5.768776768
50.58857033,119.6330485,1.265412669,0.695048065,0.035634003,4.324956811,1.03688785,0.09045893,0.212607737,0.137329579,248.1023065,0.183145708,10.49347613
27.13143152,63.12206652,0.732276347,1.281685728,0.070409485,3.844966458,0.514055942,0.084440398,0.235762407,0.16331203,158.2286386,0.160415528,9.191132748
64.57541527,44.56899206,1.071627973,0.612579571,0.049671476,4.22988195,0.260099602,0.094730723,0.200245414,0.114943596,521.3444582,0.049951472,2.86200855
36.22753586,99.72289437,0.845707422,1.46550607,0.06760123,2.632474955,0.1889122,0.174633374,0.113791815,0.234373127,472.477797,0.138941728,7.960774636
43.86214606,96.897423,1.207756351,1.273304273,0.086081107,2.893700164,0.42329114,0.130947014,0.225632418,0.188179467,217.3926591,0.180565848,10.34566104
36.67801323,95.92680284,0.95512902,1.383143387,0.091061899,3.758676534,1.137678924,0.096302621,0.21175264,0.174047422,317.0206393,0.150213208,8.60658287
67.59884358,81.15704991,1.494285676,0.921050389,0.047788082,2.668000081,1.055316914,0.159988545,0.107899997,0.169844094,120.8934263,0.114733908,6.57376872
44.46392687,113.7115187,1.17574543,1.221072824,0.056157415,4.526308292,0.65560585,0.140018649,0.170460882,0.199551183,421.7349925,0.180255308,10.32786841
52.25443979,52.38663569,0.897917503,1.262903137,0.05096436,4.956410593,0.981792502,0.120580186,0.142231047,0.206193129,569.9466694,0.054355648,3.114349248
50.89687696,109.4140812,1.280184187,1.153501087,0.052200101,4.385168265,0.625040815,0.075279857,0.135157577,0.122379354,152.6477552,0.232687888,13.33203395
31.33475941,92.84989339,1.06739033,1.441459849,0.038396489,3.406496505,0.466137181,0.196757624,0.150917685,0.161281335,271.5727573,0.165805148,9.499935226
51.04424619,121.6197712,1.385751655,1.241439357,0.065984661,4.649759501,0.749866829,0.147911387,0.206876348,0.195208743,418.7093124,0.193507188,11.0871452
21.60743537,53.26541179,0.842028251,0.687099276,0.051853826,3.118712206,0.603727467,0.149511309,0.210905539,0.241585615,586.2212758,0.007398204,0.42388589
66.13848122,80.70380047,0.808351157,0.660148771,0.056324235,2.851108846,0.583697999,0.081027919,0.130128804,0.191191197,25.98651907,0.161241988,9.238485418
26.30803768,35.9917234,1.47024222,1.476282628,0.09001135,4.617804839,1.071733955,0.194366146,0.221156522,0.131908006,523.643572,0.053268076,3.052035962
34.91786481,36.12722602,1.094684755,0.880439895,0.075151488,2.682655412,0.581264266,0.06725073,0.102805364,0.225298508,273.9321635,0.046042868,2.638062038
32.45471558,100.4701696,1.096379138,0.986415331,0.075478487,4.12182341,0.461594582,0.056573896,0.113468001,0.137876044,552.9725606,0.130147788,7.45691899
49.22970932,76.97613102,0.83048063,0.654793146,0.076529875,3.984407988,1.065242365,0.198204638,0.12885055,0.23130486,492.9999905,0.079128208,4.533712384
56.36030933,132.7710375,1.232887168,0.635009998,0.052364458,4.188151986,0.888267525,0.163338942,0.115824898,0.158768323,517.6223397,0.143634548,8.229653416
25.00830361,116.9165997,1.000171548,1.216536474,0.098755374,2.503812868,0.019072659,0.106061699,0.162949241,0.198762836,432.4063659,0.174837478,10.01744961
23.9629665,34.05506262,1.249716979,1.275482889,0.099138475,2.828904576,0.123040795,0.183265834,0.119815847,0.23878513,595.757831,0.028142888,1.61246873
37.15319872,85.94561721,0.757256739,1.270711797,0.061889764,4.091727876,0.320328893,0.085465139,0.210217868,0.217932769,215.6013998,0.198844288,11.39293851
56.55609316,59.61337094,0.836363896,0.964514572,0.077738841,4.69411495,0.419868776,0.068027366,0.241882366,0.100402403,176.0498657,0.172931528,9.908246724
54.91942358,103.5269962,1.107610214,0.851955991,0.045938918,4.81499753,0.201477402,0.148639436,0.206705815,0.173070888,285.4099148,0.215441788,12.34390521
51.87992056,124.3805272,1.006476565,1.406510157,0.05493802,4.753764735,0.170416245,0.057804666,0.170858451,0.104881011,197.4082973,0.286672588,16.42512942
22.46674962,121.4997867,0.883932409,0.68157151,0.048270272,3.546761278,1.131683764,0.152155891,0.199782111,0.179148674,386.6520931,0.135527268,7.76514049
26.43703025,73.72471227,1.38028574,1.019270811,0.08541346,2.531619196,0.815317398,0.19505332,0.144278513,0.147282785,100.4768668,0.1292791,7.407146834
48.46661557,64.29424764,0.869803648,1.343177898,0.047891066,4.096786117,0.846696883,0.053328438,0.2439837,0.113038331,322.3845899,0.111916878,6.41236479
65.45909588,41.79989119,1.466231439,1.115729721,0.065784448,4.15708946,0.160668575,0.086149731,0.236693328,0.159694401,201.3209364,0.143528618,8.223584076
45.14491531,50.02419968,1.428519735,1.112155687,0.059109036,3.100664872,0.231538124,0.143489633,0.230072025,0.13678065,318.3315969,0.091666388,5.25209718
64.8614289,127.0030407,1.273014803,1.276688327,0.092761479,2.52017102,0.224327869,0.179779935,0.190970601,0.178785891,520.0247482,0.1558842,8.931506778
51.60023983,82.60901532,0.979552673,0.830215191,0.055633279,4.502960971,0.438447546,0.126080629,0.215205696,0.180338814,163.0342381,0.194725688,11.15696011
40.11298768,106.9002597,1.197803699,0.6525091,0.054081877,4.733878407,0.867977312,0.059794302,0.238249914,0.218688489,344.2392578,0.170181668,9.750691352
67.00897616,42.05767817,1.113008646,1.42382485,0.048683186,3.436931393,0.796508577,0.075378894,0.192395617,0.106818985,84.00533642,0.107040248,6.132954472
65.68367257,55.01005427,1.055841422,1.049705816,0.051579685,4.879506208,0.823668439,0.18393487,0.141784545,0.219197898,177.5151242,0.150746268,8.637124958
38.58004002,105.9269257,0.947609931,1.396407778,0.072215799,3.324695475,0.481091471,0.052187378,0.157188242,0.163610365,129.6479443,0.223087208,12.78195551
27.81958429,41.01467106,0.856249386,0.719486027,0.047172055,4.149720789,1.012172916,0.169640919,0.116248069,0.154830268,186.2021839,0.085042008,4.872548164
32.83622088,57.01849096,1.18992903,0.903684214,0.072810355,4.080477724,0.887568234,0.06542848,0.225227175,0.142107878,326.9288807,0.098151916,5.623690562
24.58558463,117.6195282,1.211068595,1.226319045,0.077330074,3.558410306,0.003501075,0.161421763,0.181254765,0.194452132,503.615024,0.18168188,10.40960496
47.08443844,102.6945161,1.156942934,1.296347015,0.037062254,4.254230843,1.009875798,0.129067978,0.198590266,0.200028676,306.8471828,0.164624818,9.432307298
42.7493201,132.1684539,1.111174741,1.482070165,0.072623115,3.278698921,1.193135821,0.189232582,0.166548212,0.102989959,533.8509854,0.137370348,7.870741194
52.57176369,60.32460713,1.383764596,0.623009584,0.062309198,2.891466786,0.533907134,0.140601847,0.240175025,0.184554088,550.7262524,0.02858612,1.637864052
44.79108332,62.03441675,1.480099717,1.437347405,0.099912665,4.329938594,0.19276983,0.139314683,0.187433559,0.245837153,562.5652487,0.124291288,7.121366256
52.53816003,131.9386794,0.867683442,1.29049766,0.073956697,4.997151223,0.769145469,0.135283309,0.174231548,0.211287283,250.6693021,0.256486728,14.69560704
34.14454766,87.23544058,1.205211104,0.923665076,0.085703163,3.121868827,1.14090957,0.144345157,0.18645804,0.170758648,423.3659634,0.082090048,4.703413314
26.07531274,77.74291569,0.83797035,1.205582883,0.079898837,4.605512567,0.651911387,0.082989982,0.188922917,0.183969508,182.3754735,0.195016048,11.17359651
33.59294981,30.01674097,0.780144495,0.608286019,0.05392196,2.732168434,0.872271507,0.19020531,0.172780791,0.122957037,80.2527298,0.051097108,2.927648658
51.54615116,126.5099339,1.41226188,1.117296408,0.072112159,4.366142656,0.632326726,0.193684219,0.114631977,0.236338373,52.32589564,0.281248708,16.11436399
65.92404857,73.32884942,0.774024466,0.970182532,0.078045877,3.808869518,0.812328017,0.135542156,0.105691391,0.185233759,340.5065771,0.119546556,6.849513138
50.13285959,46.96273728,1.087311237,1.192267634,0.097212097,4.213884063,0.328649372,0.138845873,0.129952386,0.223951907,451.4645711,0.094671728,5.424290478
25.49684465,98.68430414,1.046518144,0.708082199,0.078138324,4.570886213,1.00485859,0.118740872,0.154129086,0.201641868,457.4028879,0.119008408,6.81867953
24.09958211,107.8923641,0.748575485,1.238859469,0.080489781,4.204896247,0.089940226,0.13129655,0.120161858,0.101030286,573.196223,0.156458508,8.964412202
67.91848918,103.8855372,1.285926291,1.156711386,0.05273467,2.544244874,0.337243267,0.184869404,0.22318141,0.212490673,99.47500603,0.193481348,11.08566468
28.2440182,90.1763046,0.744614638,0.67324527,0.077454822,2.929442186,0.847957504,0.083716738,0.106626071,0.232024208,199.7671119,0.134493896,7.705932636
36.49095321,37.0609599,0.851099735,0.771202702,0.07564527,3.778710106,1.057538144,0.161804681,0.138077575,0.204516602,185.4788962,0.074144058,4.248141624
23.5895574,128.219171,1.359074311,1.016573555,0.089164098,3.833778982,0.451344002,0.186163489,0.173817693,0.120032631,73.74851853,0.275552828,15.7880141
21.130049,47.144752,0.827218361,1.140137438,0.057610367,4.670057855,0.346143933,0.119504767,0.171450765,0.160383531,115.0555819,0.172156118,9.863819004
65.8477543,74.94135664,0.906174266,0.825449043,0.05841389,4.512499688,0.831512308,0.159212073,0.143022505,0.218973129,63.70161742,0.189967768,10.88435137
47.87566248,48.15929445,1.229602912,0.710848549,0.064526313,3.133027986,0.484164468,0.138468161,0.248189821,0.232540761,125.1696135,0.102614648,5.87938627
50.44239936,99.59287462,0.922345687,0.821346911,0.046683322,3.917839327,0.783689995,0.144743925,0.222314139,0.176119334,385.6788524,0.134637588,7.71416558
43.58601014,104.9022321,1.149620637,1.043019789,0.047292533,4.350274455,0.786937146,0.124635719,0.110588543,0.224965942,379.8897692,0.158732288,9.0946902
42.0322112,125.419833,0.905154789,0.934816869,0.062147013,4.495283499,0.96484874,0.151115986,0.22048505,0.144775866,435.2865937,0.169601948,9.717475842
42.60358371,112.678058,0.768867771,0.811343458,0.04007464,4.183787106,0.66912675,0.198994226,0.221491161,0.109307955,482.8530786,0.148972748,8.535509748
28.60001812,31.36233671,1.102993633,1.050594776,0.064836481,3.552738036,0.052803636,0.060629413,0.229835934,0.197734826,331.9333153,0.087875788,5.034911798
51.75998186,33.66529596,1.212367173,1.361021923,0.088650417,2.524099118,0.926636633,0.112604128,0.133419472,0.225690553,30.19212436,0.082251036,4.712637248
38.87131832,42.49041606,1.129504546,1.373788073,0.076375657,3.728356801,0.221120684,0.16073846,0.2178729,0.128836297,166.2864651,0.143089108,8.198402006
22.76639111,95.15496219,1.164934519,1.445494162,0.098374351,3.175154281,1.088510241,0.155401213,0.219785645,0.221244485,516.5929378,0.099317368,5.690466044
63.52059911,43.43321472,1.061809934,1.095308773,0.079719558,3.211164202,0.727145065,0.105567231,0.179213107,0.186542384,404.2206469,0.043995716,2.520768868
21.20299721,133.3904769,0.716736391,1.369898358,0.051420643,4.026257724,0.860246334,0.10668476,0.121884956,0.118361964,24.95310843,0.279744628,16.02818655
47.33162015,41.2923833,1.063448982,1.201085573,0.045714891,3.974687516,0.537757187,0.075819558,0.249337732,0.164607517,447.1874408,0.061856208,3.54409968
68.65857973,49.39738078,0.901249192,1.259307462,0.073548691,4.724141218,0.598928734,0.114295204,0.101219553,0.146491054,581.6288512,0.063170908,3.61942644
20.30725061,59.38519315,1.036036645,0.787696629,0.082064957,2.692823206,1.10066519,0.090224578,0.166225529,0.168705338,32.0686852,0.101752988,5.83001679
37.36537786,58.46625966,1.28316288,1.005671402,0.063825226,3.094784675,1.049096468,0.071130185,0.177315612,0.216114619,136.4768945,0.095234528,5.456536542
32.35137305,117.0987608,1.061010873,1.332206304,0.090782491,2.824317523,0.350727221,0.066863319,0.13125163,0.178399982,78.54198998,0.246544108,14.12593688
45.4063429,125.9653514,1.051207402,1.214295567,0.037359605,3.293206752,0.718490904,0.072495182,0.221726081,0.244098644,388.6753498,0.16590906,9.505888946
53.35488276,78.81125415,1.084575671,0.74850229,0.084320618,3.333612612,0.7645751,0.078349088,0.202669677,0.238414294,91.79366601,0.157228168,9.008510472
64.08126434,96.99077494,1.393418081,0.976706458,0.069157898,4.407520843,0.445033599,0.090801239,0.176782172,0.233002263,188.79048,0.214989988,12.31801897
40.61108538,103.1248868,0.709748714,1.129010817,0.087749674,4.933074689,0.167731613,0.119928926,0.117009547,0.234745201,117.7527219,0.272550968,15.61602019
49.54776662,34.50864274,1.012032751,1.138654224,0.067119703,3.891829869,1.107185322,0.123030116,0.244886528,0.139162298,390.2903462,0.029757538,1.70498136
43.72239851,62.38604815,0.92905602,1.489610938,0.074516665,3.42217638,0.696488069,0.164758447,0.207955275,0.115362726,165.6121857,0.142465148,8.162651732
20.52322022,43.94904483,0.841072502,0.890480201,0.05957113,4.622695559,0.743745923,0.192788969,0.120885427,0.19389156,408.1028945,0.075331388,4.316170622
44.13771817,30.52239665,1.082868902,1.057851963,0.074962557,4.169379905,0.074378598,0.059325835,0.182741589,0.199117222,470.8640321,0.077439388,4.436950124
69.6908778,107.3995029,1.458344743,0.957664233,0.036992565,3.380752415,0.636743047,0.139865845,0.224432803,0.134711107,50.5090876,0.206084068,11.80774735
49.30841368,48.5635788,1.101368414,1.189121522,0.041455811,2.990249507,0.282914395,0.13247329,0.214360433,0.237973337,241.0502185,0.090381188,5.178460644
25.21673145,78.18787292,0.740830219,1.471549929,0.049134853,3.473507563,0.828331847,0.156956699,0.150367728,0.102083874,489.8185768,0.086761618,4.97107456
58.24246447,114.8190498,1.159222916,0.943720418,0.073275866,2.762235737,0.040600361,0.14247968,0.138985211,0.246367483,146.4717095,0.225324408,12.91013762
57.46059589,98.21458618,1.365917504,1.24340874,0.086562877,2.60791899,0.071078311,0.183377935,0.167837676,0.117480047,129.2621732,0.210649888,12.06934956
47.81848101,127.5016762,0.792577422,0.836078972,0.073158916,4.535834095,0.724909725,0.103581293,0.223664798,0.156693116,254.384444,0.225556368,12.92342795
25.38210371,53.09860316,1.122002781,0.914950119,0.0582072,4.799040237,0.059121421,0.055426304,0.229418779,0.14538917,470.1860764,0.128161928,7.343137592
25.83153366,119.928541,1.166681866,0.776098808,0.044039278,4.702654272,0.794879197,0.056375612,0.242661746,0.202771124,49.71384137,0.261275088,14.96995986
60.28258088,54.24200973,1.322876489,1.211652472,0.063518204,4.831398986,0.134777342,0.12409476,0.157514479,0.158374581,224.2888083,0.179767468,10.29991723
26.82179978,45.00680417,1.097830272,1.180252965,0.092462768,3.522378493,0.709130737,0.110140698,0.153503866,0.231920874,66.47823745,0.136159756,7.801379382
52.85105088,104.2354014,1.268783053,0.632158384,0.065114461,2.884082334,0.713501314,0.072237576,0.230439159,0.105143156,559.9755853,0.082342208,4.717861018
67.39100751,30.90542425,0.705392961,1.494575763,0.063666067,3.051962711,0.087072888,0.146102134,0.13177728,0.15173018,448.5906298,0.055562892,3.183519234
51.29527773,100.670826,1.431121598,1.45574923,0.04347244,4.19958155,0.098515446,0.121187558,0.121744605,0.145996507,324.044163,0.210977288,12.0881082
63.7890309,108.2213612,0.940994121,0.965641045,0.093378702,2.573302325,0.115681748,0.077929785,0.125659562,0.165866041,95.68133299,0.220900788,12.65668287
68.11851355,95.55129316,1.319535206,0.928742565,0.063032207,3.570206084,0.99040412,0.108437011,0.220267463,0.112711189,409.4540044,0.108532378,6.218447224
24.1487451,89.6489085,0.742583957,0.912036336,0.097778975,3.160656768,0.094244377,0.179017417,0.216879591,0.144425184,140.6376375,0.206195268,11.81411864
60.05561376,94.31781971,1.032513311,0.863340903,0.053031099,2.726146192,0.879078918,0.168405303,0.140067824,0.224621602,204.1599764,0.137856728,7.898608716
62.96250801,37.49908523,1.451861739,1.367119883,0.091265809,3.202218876,1.119749302,0.177353136,0.144804922,0.129199376,118.4255997,0.085495628,4.898538676
42.22325076,96.17046364,1.488474567,1.046618274,0.097702628,3.802350898,1.116581172,0.175295354,0.209889533,0.201113316,453.1059347,0.114816708,6.57851281
29.72460711,75.28398634,1.372996419,0.761523025,0.05126931,3.63419325,0.314965874,0.10520429,0.195673677,0.189860142,354.1049171,0.126652868,7.256674824
50.17094766,47.47413325,1.418932111,0.651347966,0.083084449,3.928692313,0.140336152,0.176939037,0.117585829,0.114199459,304.4108486,0.111788948,6.40503494
35.81792714,43.5336649,0.917796285,1.284878733,0.063258252,3.011271196,0.323493389,0.155964986,0.228302938,0.12594191,143.1738486,0.111293888,6.376670092
33.90021122,89.73925164,1.336391785,0.996506355,0.070092178,4.163545177,0.499043233,0.125728383,0.156689409,0.208216398,242.8676489,0.185356468,10.62014335
55.89008004,45.31016638,1.044184918,1.010423763,0.084696724,3.86498538,0.126146463,0.132282289,0.168329741,0.161408638,392.4472825,0.098416516,5.638851026
31.26000955,62.8493009,1.390390792,1.338792728,0.08684542,4.898883964,0.272207054,0.198467969,0.124036273,0.160786464,370.8127106,0.15987646,9.160246426
21.77993902,49.67513848,1.242857736,1.07499991,0.098280528,4.745728685,1.15800747,0.136374006,0.139475284,0.179553535,287.0997105,0.106376716,6.09493689
54.46378927,46.04504914,0.832762759,1.162768058,0.078945325,3.387881506,0.66003145,0.101351036,0.192916351,0.110174073,294.237056,0.081173268,4.65088569
41.16125276,69.48133309,0.863901399,1.316933583,0.094350349,4.771714345,0.081698845,0.094289532,0.153785297,0.214531575,257.0859867,0.205161508,11.75488855
37.89576934,31.64818534,0.885186663,1.131527996,0.064992905,4.274758386,1.149472122,0.053790348,0.126367248,0.221336483,155.802334,0.084063148,4.816463618
64.78019436,38.1100666,1.453961653,1.313596928,0.095122338,3.261436109,0.408109559,0.072731206,0.146816666,0.208703366,208.9894759,0.111158828,6.368931724
34.73694182,35.44912163,1.305204381,1.448914396,0.043694647,4.335868823,0.680215464,0.123602719,0.170141539,0.116971457,53.52192749,0.137339436,7.868970068
32.70796197,121.0656845,0.766215103,0.879858,0.050402789,4.946911804,1.171098616,0.157867961,0.24648609,0.111981982,441.2130677,0.160253248,9.181834788
46.96810575,72.79475978,0.751839905,1.457297323,0.088773072,3.578705947,0.909136399,0.168138543,0.225022126,0.179998451,426.4156541,0.101559208,5.818914014
46.41054013,50.70691616,1.20046679,1.389725288,0.074847676,4.009694117,0.250104664,0.176630277,0.106155902,0.164008174,102.4847918,0.179074116,10.26019109
29.10919223,79.84512968,0.82374905,0.73076072,0.037808647,3.348883727,1.111529136,0.080242278,0.239562269,0.185724048,497.591524,0.042946108,2.46063076
24.88025029,67.5732156,1.025379578,1.085209335,0.053341381,3.291567073,0.971149095,0.122209925,0.16970521,0.128367967,22.8734594,0.139789928,8.009372918
37.45264399,83.28284833,0.877276307,0.836634354,0.094060096,3.004982035,0.048219087,0.056867918,0.134688102,0.226728202,299.1026611,0.152974658,8.7648023
28.52252299,99.0309945,1.220759171,0.774160529,0.050225073,4.845503997,0.335785222,0.163744995,0.244433971,0.149521599,190.6339551,0.226315348,12.9669143
27.93007563,129.2898951,1.159631705,1.173780617,0.098532452,3.683308668,0.198713712,0.126697708,0.228720808,0.120849672,149.7387636,0.279644868,16.02247072
65.16170542,134.6141424,0.894053262,0.852619916,0.08184361,2.656303943,0.628877092,0.16303977,0.109249029,0.125368684,425.1570526,0.1682596,9.640564966
63.90853219,92.25942379,1.232173826,1.106669412,0.051072861,4.920781076,0.375504605,0.068709198,0.175140058,0.249059877,571.6290008,0.138405668,7.930060662
57.15585843,45.61055421,1.072709459,1.135727193,0.097005831,2.865346208,0.310411798,0.091483474,0.232575721,0.107475564,413.418521,0.065082988,3.728980554
58.99054882,66.95231203,1.261429897,1.495028912,0.085923506,4.613341043,0.527829753,0.112249015,0.100316599,0.113652731,41.83009935,0.226740748,12.99128793
60.43606711,124.999974,0.846810989,1.354002156,0.042355818,3.312062966,0.621602913,0.185818888,0.184480807,0.193699636,351.0195726,0.193600828,11.09251038
29.20910043,65.075286,1.310534036,0.925373632,0.099516036,2.916645788,0.023631912,0.084178749,0.156228875,0.233336975,175.0367133,0.162071368,9.28600539
22.65962689,133.0783022,1.201765614,1.011663945,0.065624496,4.635894657,1.075757976,0.133259332,0.245354884,0.229365812,411.8872782,0.188403328,10.79471556
40.28256057,127.260082,1.215587986,0.907625943,0.068226658,2.700318051,0.290857715,0.10437144,0.234828095,0.226365774,394.8390111,0.171727468,9.839259168
53.23665693,86.17968649,0.987755395,1.311005029,0.038961785,3.597655923,0.388026441,0.157436874,0.239137599,0.186930078,252.7004454,0.165727828,9.495505116
38.82201332,85.5225834,0.700127338,0.833118123,0.063165253,3.226707891,0.270360808,0.050259889,0.114222805,0.205242236,499.6131222,0.097215048,5.57001198
30.09248448,58.68133399,0.861782896,0.868756989,0.095602026,4.39697179,1.086715325,0.17793716,0.176008707,0.229981123,213.9162901,0.123956888,7.102206548
59.60266127,57.74221826,1.170602439,0.614641617,0.037746789,3.871563327,0.41459968,0.092063402,0.231087288,0.115451285,449.6268359,0.066512708,3.810897476
46.17965962,39.27079385,1.01741472,0.732405805,0.074646146,4.971887757,0.914875684,0.195530996,0.21929057,0.10958139,592.464755,0.02136244,1.223977676
31.51554171,56.84628242,0.87233433,1.003072931,0.071607199,2.952848831,0.315877105,0.052791258,0.215770747,0.138282352,107.3667603,0.135221936,7.747646254
30.3726833,84.09327162,1.416916734,0.798958842,0.077147298,4.53233266,1.160548752,0.089600818,0.163803073,0.140094538,420.8955842,0.113323608,6.492964482
65.06127083,129.8915371,0.991110464,0.684614897,0.062694095,4.238641188,0.046924068,0.168898615,0.244359739,0.192382208,202.5466359,0.262311688,15.02935266
46.74309578,112.9580212,1.463904166,1.478432124,0.039268182,3.148605695,0.130926454,0.173147219,0.197678806,0.192064741,465.6249449,0.164620808,9.432077542
62.4216009,108.4737878,1.330422483,0.715525934,0.099047717,3.32097852,0.939764692,0.167341808,0.1904454,0.117938296,417.1367315,0.122375648,7.01160817
54.05743859,90.71142263,1.474904822,0.954151366,0.053695544,3.618557883,0.647349675,0.142846524,0.129153766,0.128033443,244.771517,0.155549488,8.912329192
46.56054721,118.3902955,1.499243177,1.038658105,0.036574003,3.909596911,0.029331202,0.057511979,0.131391098,0.226973513,131.1279832,0.261762128,14.9978652
46.09675768,131.3588417,1.091421904,0.859819215,0.049103026,2.570241149,0.474411631,0.196402697,0.144054344,0.140811361,296.8453444,0.186616448,10.69233488
61.25945089,75.40843814,1.405633082,0.937254453,0.087527199,2.79947345,0.997351559,0.18758606,0.101654444,0.244720699,26.95522797,0.151230468,8.664867574
29.57914347,114.2351748,1.317735908,1.222921788,0.079180431,3.361395064,0.611072114,0.159459959,0.147346436,0.136405713,139.2028184,0.222958028,12.77455404
54.3229873,128.0712265,1.057480396,1.440619781,0.06040147,4.573248196,1.032550296,0.11746069,0.231434531,0.15654359,439.529699,0.187013088,10.71506068
45.84079438,38.06757626,1.377689203,0.903393191,0.061720568,4.597928009,0.42738894,0.127307038,0.242777645,0.203711757,429.7643902,0.082735308,4.74038399
33.40718989,57.43843902,1.432269027,0.701898329,0.082477472,3.840444023,0.378778882,0.181469752,0.140669738,0.247628169,267.2273652,0.122460358,7.016461696
40.32879082,62.56822022,1.38885892,0.767258505,0.092264293,2.959325658,0.175968812,0.199427478,0.147849063,0.228859334,238.511533,0.127426728,7.301013736
26.18019702,88.87922024,1.474350675,0.991996047,0.039605161,3.076097875,0.164357087,0.061137043,0.162304413,0.207654333,477.6822845,0.129445128,7.416659538
29.32641035,93.20272194,0.725091584,1.227846577,0.067407409,4.018950479,0.016455486,0.058342259,0.212948017,0.227492202,70.68268207,0.256407968,14.69109442
58.76167724,93.53739439,0.996875113,0.973561255,0.093655634,3.485227293,0.664781655,0.078889826,0.139229147,0.165013004,583.2390791,0.086254978,4.942046226
31.78326492,83.8546902,0.815725706,1.159026189,0.061222089,3.661412047,0.618710277,0.059888681,0.241393835,0.124031943,346.6234835,0.136049548,7.79506493
25.57822939,100.1190311,1.078556888,1.100677686,0.054859313,3.433209061,1.127995992,0.061472945,0.149032565,0.196085761,142.5616976,0.165653688,9.491257208
53.68941654,60.26143171,1.079878763,0.688880899,0.046215987,2.911755082,0.251563808,0.170691989,0.160115011,0.217171813,514.2074789,0.046394222,2.658193138
23.29443697,32.35586535,1.446283857,0.910391752,0.039896272,4.823885099,0.841094817,0.120981811,0.166993815,0.169336924,167.5330624,0.104738688,6.001084798
58.42907117,84.75326942,0.96976128,0.756268122,0.052511594,4.873175916,0.569755974,0.10313813,0.143288507,0.222495805,76.26726747,0.216811568,12.42238782
61.81796436,103.4606348,0.865593247,0.818015705,0.044380153,4.982537559,0.925084612,0.178876969,0.200858357,0.113975319,443.8172262,0.150324278,8.612946712
63.0493217,33.02140673,1.246710768,0.87031278,0.056765148,4.937415057,1.176117782,0.125108584,0.189882945,0.198535437,379.3773701,0.04607688,2.640010782
22.90202227,92.01056523,0.937148296,1.120363502,0.090461351,3.708638514,0.985329891,0.088420644,0.203081395,0.206717111,250.1478248,0.158206348,9.064556056
30.49792878,46.27037098,0.712107328,0.961412881,0.079291936,3.273337883,0.554725411,0.0677255,0.176500554,0.139783843,40.114861,0.131179248,7.516017294
20.19070232,107.4485852,0.787702124,0.794817024,0.043889538,3.110989547,0.102924467,0.130074382,0.128613513,0.174481008,414.7653366,0.150853528,8.643270504
33.16429571,51.62057888,1.138022805,0.999106694,0.05882748,3.962453106,0.012722112,0.137979245,0.216254856,0.19144713,121.6551999,0.1695252,9.713078506
28.74006694,101.8217429,1.348208193,1.183806463,0.064583216,4.51608708,0.48775541,0.064231661,0.179845549,0.154339571,531.7535993,0.165682876,9.492929556
69.41297259,118.9681471,0.950455373,0.699432592,0.09736825,2.697394238,1.110545291,0.126715914,0.145508631,0.174682434,234.4121372,0.158319848,9.071059128
62.78636739,70.15647796,1.151958105,1.063149246,0.067873931,3.605839875,1.03038244,0.0818749,0.104566328,0.106032116,496.535498,0.058670298,3.361560482
56.72529555,118.6009283,1.104736526,0.982388845,0.069616,3.215297264,1.098424229,0.190119174,0.207372099,0.155349247,231.8958435,0.176071348,10.08814516
33.76852359,50.22416358,1.295020734,1.057572841,0.084441054,3.451309677,0.805148083,0.191144474,0.247666363,0.123176318,279.2091035,0.085103818,4.876089616
28.93229174,69.12660693,0.994622215,1.062565107,0.045195913,4.658101763,1.042675085,0.131585725,0.182359409,0.116326001,110.6837578,0.162467428,9.308697958
58.6330202,71.51564405,1.237277724,1.349403869,0.074200194,3.253212472,0.91802147,0.151290137,0.134851859,0.214237249,113.6970465,0.147777328,8.467017226
38.33418396,47.72470796,1.009953782,1.073061161,0.076216093,4.742610095,0.110167589,0.187107907,0.15820012,0.220206951,86.0273664,0.197325088,11.30589476
56.15544922,39.55606296,1.0416784,0.691363678,0.082591873,2.621397274,0.214108581,0.170052494,0.234084433,0.121551616,566.8926199,0.003734202,0.213954038
27.37064547,128.8119142,0.875792778,0.807648442,0.092055251,4.280525735,1.146226695,0.073744988,0.141154002,0.190147582,345.9139254,0.175995028,10.08377234
59.55846762,128.4204802,0.735305004,1.485925974,0.055936885,3.893196908,0.30782127,0.114970651,0.214694043,0.102298722,367.3142695,0.224871008,12.88415972
48.277703,78.93770918,0.968784622,0.95635736,0.081191953,3.775530793,0.291484802,0.079162205,0.243143192,0.171217951,152.0825205,0.189518588,10.85861526
57.66665912,97.8806496,0.910318403,1.309702277,0.066849315,2.94810909,0.458320528,0.172162592,0.174734137,0.105733862,338.5487827,0.156015148,8.939009544
44.32923253,101.0335125,1.221674281,0.733871687,0.059818691,4.004409697,0.152303735,0.165172722,0.132265329,0.132877134,300.5240388,0.188679808,10.8105567
51.16131362,72.193661,0.878713859,0.745573123,0.077597399,4.861774108,0.945085461,0.192460653,0.239855585,0.150114593,362.6150788,0.121599876,6.967159708
34.55513893,108.6817164,0.963990426,1.325967333,0.059234426,2.848456778,0.107139608,0.106514074,0.111033523,0.145696588,44.71755944,0.243561948,13.95507169
27.49524406,87.39318152,0.959244812,0.781687437,0.045447004,2.779225963,0.760990169,0.12882665,0.203693605,0.223530352,62.2173783,0.147837668,8.470474454
54.57444049,134.8460576,1.340175154,0.646654625,0.070119877,3.854049863,0.435174372,0.129609147,0.21890899,0.185580464,528.5696863,0.159204828,9.121764746
50.34349164,36.40289158,0.990169901,0.765974018,0.037998473,3.764412689,0.8653053,0.086857348,0.109548115,0.243757335,169.5162119,0.069466718,3.980149782
24.74516857,41.4298473,0.934287195,0.751511659,0.065418787,3.416431221,0.667308879,0.176223688,0.136047187,0.240617041,476.2542911,0.02446118,1.4015224
42.55389761,39.88872448,1.350810897,0.740304841,0.05732798,3.138098758,0.961881682,0.153255416,0.21368358,0.153193223,58.78583566,0.074409448,4.26334735
66.21416762,123.3107729,0.767852941,1.362853577,0.082793096,4.349714164,0.331770886,0.124291151,0.13377226,0.209402515,206.2936301,0.266058088,15.24400557
48.5797929,93.68824304,0.755495716,1.499153707,0.062044826,2.591109263,0.688863768,0.107282392,0.234194353,0.143973639,265.4759762,0.139000738,7.96415566
60.63901459,65.61635262,0.972023602,0.707272727,0.048844947,4.25999928,0.60019311,0.095104242,0.124838623,0.150280738,545.719454,0.061418318,3.51901043
57.33965472,65.39108284,1.124047693,1.321737556,0.057173216,2.600059716,0.285565043,0.0742398,0.236901563,0.194869846,579.3814981,0.054753952,3.137170386
49.94325208,58.81241041,1.442127805,0.789783051,0.089703339,3.020651153,0.735371518,0.185158412,0.192111278,0.167748067,467.736891,0.046679296,2.674526676
41.09599568,120.0548532,0.909572146,1.068598675,0.095326615,2.811872314,0.210450879,0.155813764,0.211980039,0.118442995,358.0981552,0.188119348,10.77844471
61.00940446,79.65045703,1.139751022,0.625627511,0.042121028,4.478578599,0.364559829,0.073496778,0.154513655,0.197632271,256.0563875,0.160800288,9.213177872
60.82382544,109.5244647,1.258098383,1.431109011,0.036353723,4.047919324,0.967252637,0.181802624,0.1384608,0.133822568,352.7777411,0.166806378,9.55730148
37.58813364,60.69200639,1.309938366,1.234759292,0.050456852,2.541907914,0.529466353,0.097868989,0.179377378,0.230868463,305.2759551,0.077156748,4.420756046
36.37187536,79.24863972,1.353216351,0.989276341,0.088029987,3.36880951,1.091690533,0.065519589,0.199117419,0.227844596,28.4085577,0.166267628,9.526433378
68.55496938,125.1512443,1.470720831,1.170801981,0.057701048,4.901571584,0.6995554,0.134838811,0.111700414,0.143337745,578.0349892,0.156496788,8.966605484
45.11129937,55.64594118,0.975478075,0.895287352,0.087631753,4.91360739,0.80748939,0.151878524,0.185795023,0.203053493,394.1868085,0.100960228,5.784594988
66.64850946,75.87502424,0.822330813,0.627484927,0.080252605,2.63888277,0.46850818,0.19970391,0.126966794,0.123733102,437.8566495,0.091891818,5.265013368
57.86105352,132.386076,0.919787526,0.844888266,0.083386018,3.151057512,0.401244673,0.19208553,0.195005379,0.108523025,276.3005329,0.219590808,12.58162654
26.87966934,77.6482427,0.829307753,1.267755785,0.078429536,2.585169504,0.562143576,0.053884342,0.196460619,0.166253136,290.5632717,0.117147748,6.712071564
30.79190492,115.2018473,0.745799353,1.306638877,0.039827827,3.986945443,0.11904933,0.146764671,0.146225687,0.104628772,261.0192282,0.235060328,13.46796475
41.87626851,32.04898131,1.394875573,0.640319492,0.092578283,3.539601887,0.932077793,0.10987549,0.197798721,0.236782417,480.9634572,0.009418108,0.539617864
52.89399623,104.5864689,0.77179451,1.144038602,0.062666319,2.979893923,1.175367127,0.164384755,0.235059849,0.18891399,525.0014074,0.08510586,4.876206614
36.10037557,66.03240384,1.334373944,1.399450664,0.096583275,2.675417235,0.431993986,0.088977244,0.108551188,0.10709393,292.4028831,0.1227045,7.030450002
55.28558677,83.01004053,0.881733004,1.265304633,0.04474843,3.090243847,0.395085392,0.160535765,0.103200765,0.24984904,368.8487275,0.129644368,7.428075148
63.61000015,57.91954137,0.943475009,1.257982685,0.049981197,4.429635401,1.128965113,0.086756143,0.107626477,0.187166427,302.1979547,0.100172708,5.739473416
69.12331772,35.34979841,1.141213247,0.665232464,0.060495203,3.749361919,0.277375511,0.055786636,0.178738819,0.239974327,535.371834,0.026805544,1.535844564
48.32153026,71.81316409,1.125394396,0.815323096,0.064081803,4.590232886,0.833784026,0.058951222,0.222917082,0.131075838,124.1532758,0.171644748,9.83451966
39.20546979,68.37050173,1.179924225,1.132503255,0.081511235,3.692731866,0.95993038,0.162243721,0.102532493,0.173665796,565.9742459,0.053647908,3.073798732
68.8610109,76.31430356,1.368926538,0.703722183,0.044162866,3.862778516,0.129928993,0.194564186,0.136629249,0.158051014,333.8116104,0.141593848,8.11272992
32.18597653,61.03058679,1.052862594,0.801150237,0.037567463,3.817525129,0.504614441,0.133727859,0.123672131,0.242753568,262.7652102,0.11152912,6.390147894
56.07904148,129.9196968,1.361654076,1.203551501,0.095756664,3.501816417,1.068977907,0.142033516,0.181579755,0.238877754,272.7859699,0.197190288,11.29817129
21.91581855,70.20770881,0.820462351,1.364718499,0.066344876,3.458007148,0.203009801,0.103180085,0.16512051,0.246844871,363.2742745,0.135237228,7.748522422
30.62449121,76.77894684,0.738160025,1.41399094,0.04296418,4.269789928,1.167388957,0.18651406,0.167411884,0.157144241,349.2171634,0.119853416,6.867094922
41.43830726,63.48871821,1.315409195,0.784430497,0.041867737,4.58090648,0.800358697,0.092484826,0.237768028,0.100469874,296.5243755,0.118650488,6.798172224
62.70543631,115.1303617,1.005295035,1.428255129,0.060972148,4.987795871,0.852920768,0.148261154,0.185686039,0.180603038,475.5223371,0.178001548,10.19873747
43.33934118,81.92000902,0.967373869,1.076763358,0.069233923,4.291425836,0.246677949,0.116428409,0.206203544,0.152880981,93.02364702,0.225439728,12.91674497
23.0665614,88.37350144,0.858092417,1.198852119,0.08833568,4.673510825,1.003247339,0.182593104,0.130837651,0.188310669,245.8381582,0.180011348,10.31389053
43.26754384,93.99273978,1.264129753,0.723817358,0.070992748,3.507877624,0.404607725,0.121739243,0.152437414,0.236154653,511.7196532,0.108614708,6.223164386
69.56708311,50.49414047,1.175400898,1.420863441,0.096400109,4.371830818,0.65031318,0.1728538,0.180502626,0.104251671,361.0901086,0.116745388,6.689018034
59.06186901,122.3337527,1.371444144,0.82730135,0.04278579,3.23654315,0.791331543,0.091790403,0.111553438,0.127652551,583.4743119,0.104167148,5.968337968
44.21839819,55.9234898,1.254224633,0.846962875,0.090582895,2.99492684,0.546531065,0.116513071,0.24831567,0.202016568,278.2116829,0.091026208,5.215417568
49.66774351,32.7033021,1.439146993,1.303436388,0.081052922,3.197653551,0.042139208,0.095909838,0.183798353,0.130105213,337.1234669,0.092781748,5.3160026
61.30317148,56.43998013,1.134912321,0.696782387,0.049367404,3.533082724,0.86098752,0.108032721,0.211321352,0.103856726,532.9375126,0.02079314,1.19135919
59.30127124,117.3338704,1.020242847,1.388478628,0.085146717,3.17084219,0.356516789,0.171957409,0.122909061,0.135862662,105.6430464,0.253758208,14.53927436
64.46502496,56.38799358,1.424232751,1.024329215,0.056384149,4.452277725,0.7563403,0.165912675,0.125999635,0.138744154,586.9569895,0.052738236,3.021678366
41.71379204,111.6049514,1.114042879,1.336394765,0.066492323,4.770808939,0.181579525,0.136851432,0.122597059,0.192851126,56.33683633,0.299811488,17.17793294
69.8055913,61.45136593,0.715711033,1.087380179,0.089842118,4.422522728,1.19925437,0.196127585,0.108706397,0.122171859,104.1181999,0.16544112,9.479077958
38.43749443,84.93984678,1.245070589,0.947284463,0.079468067,4.0634419,0.416490916,0.071795975,0.20912339,0.127115806,284.4073207,0.175659828,10.0645668
36.86215846,66.55170821,1.203501569,0.883630441,0.039319346,3.183840741,0.817795457,0.101956591,0.112192483,0.124696605,230.0087528,0.092689708,5.310729098
31.99535499,122.5987874,0.729389648,1.041585453,0.048053495,4.68105999,0.948954642,0.154433074,0.184367445,0.152438134,574.7253735,0.139148528,7.972623404
54.72230284,98.89849238,0.891490917,0.866513398,0.054517538,4.791754084,0.265883747,0.141194408,0.149295908,0.172790844,182.5464075,0.231510028,13.26454754
37.82980539,123.1617787,0.888448816,0.791344355,0.097408407,4.96358247,0.854635859,0.165657167,0.140947925,0.181682005,316.0674002,0.206300588,11.82015303
39.75599734,111.2900902,0.953492748,1.380636154,0.058702496,2.662138706,0.228174242,0.074552076,0.209375303,0.211866815,308.6228167,0.180107318,10.31938921
59.79160684,40.72735227,1.218637202,0.637480691,0.038663937,2.815125303,0.896489522,0.153809136,0.15833678,0.168215776,47.12433628,0.0665439,3.812684646
20.88165151,84.39274349,1.421640244,0.604343329,0.044589319,3.715112356,1.095097818,0.093437201,0.112717986,0.111351566,236.469963,0.116379268,6.668040904
30.87386342,38.59525105,1.346166813,0.728083494,0.068298856,4.707266094,0.478829803,0.093886504,0.151527384,0.189241791,171.9911024,0.134546708,7.70895854
39.95623043,63.75267639,1.313155859,0.6435553,0.041547124,3.060342991,1.019988706,0.166352611,0.184906487,0.165235753,314.2130348,0.050811136,2.91126367
53.0988892,97.26609836,1.462008417,0.738681304,0.07666169,3.51973576,0.68550517,0.141497283,0.204372331,0.12489594,547.1851459,0.096643456,5.53726217
55.61761459,96.52387423,0.914187688,0.756975214,0.0448926,3.575741332,0.523082652,0.051393487,0.163985172,0.107986986,325.6307915,0.140821648,8.068486118
52.40241886,115.9719402,0.853578775,0.743204022,0.035384662,4.928063096,0.721062649,0.099169434,0.173586243,0.1768316,508.1799861,0.146983036,8.421507648
38.18723094,88.09871613,1.039609545,0.89814937,0.099783634,3.671061175,0.74564987,0.181085872,0.200697225,0.196948571,463.9921649,0.10883888,6.236008496
49.84997007,55.30396745,1.132368472,1.402367213,0.081633216,4.437274145,0.495163364,0.147317758,0.121072882,0.154895618,108.6159265,0.186755928,10.7003265
45.93085891,123.737388,1.410644053,0.995521417,0.073702442,3.790862899,0.348440076,0.069456672,0.236065653,0.126556105,228.5881783,0.239395088,13.7163282
45.52976925,80.51642464,1.119059346,1.280357758,0.054423216,3.639173089,0.392240322,0.089386447,0.15200354,0.213793352,541.5607955,0.104121668,5.965732156
37.04653582,74.37670949,1.116499574,1.357496307,0.040730409,3.085683852,0.902093093,0.128255289,0.249072727,0.235106201,283.2631235,0.095683308,5.482249742
58.36556099,81.72803345,1.294138158,1.235737989,0.096741114,3.703502609,0.207758073,0.062935554,0.247155282,0.241945491,238.8299196,0.194520828,11.1452225
26.637199,48.89611281,0.983850733,0.917967607,0.080015408,3.470318748,0.140677648,0.197392594,0.10048074,0.217560547,445.1038421,0.080050888,4.586578052
60.88273375,86.46222944,1.300924143,0.795952989,0.083572608,2.789701252,0.024067732,0.111307893,0.187036561,0.167058765,218.9544119,0.165519208,9.483552072
27.67649616,46.58615443,1.383400741,1.188259653,0.06601447,3.497489283,0.891756662,0.132729833,0.145262112,0.126724336,561.263459,0.027822328,1.594101994
40.4608316,51.45293389,1.443710859,0.778335314,0.040846032,4.46453367,0.882808073,0.085037191,0.159209358,0.203918157,382.517913,0.077390978,4.434176436
59.28062463,119.3684491,0.89556967,0.66207763,0.068964553,2.598159428,0.238733513,0.171499596,0.169052965,0.239371502,69.55502365,0.231011028,13.23595695
39.11969531,51.22595503,1.301883372,1.254850045,0.04609732,3.030932287,0.899800812,0.100677541,0.213548691,0.121044363,509.2753455,0.024656162,1.412694046
42.85814828,130.2937749,1.187807753,0.951210562,0.096075344,3.233317186,0.993382865,0.11206864,0.105206988,0.175425972,195.8814218,0.204140428,11.69638498
35.69800472,108.9690758,0.720938921,1.412297077,0.040313971,2.836826791,1.041674672,0.085612191,0.183546713,0.170171734,356.9635488,0.12396414,7.102622058
52.12273935,112.09185,1.291584379,0.856766168,0.042459258,3.734558841,0.751156685,0.117727434,0.11320733,0.242618607,191.1419836,0.190344708,10.90594845
55.36014422,102.3548227,1.256337735,1.148651324,0.061402344,3.935915454,0.90793857,0.051283442,0.19040378,0.193186125,172.4987217,0.193026488,11.05960312
63.2066743,70.55294507,1.181401061,1.092522646,0.098085935,4.400335612,0.677332562,0.077796872,0.109904772,0.213053035,491.9767999,0.101071858,5.790990916
45.69523326,101.2330754,1.236757532,0.629691658,0.076882444,4.361990662,0.539164172,0.062185856,0.137629803,0.223127003,87.50735286,0.228357088,13.08389739
34.5919576,120.8665907,1.172850114,1.31756931,0.056679428,3.998640415,1.188908003,0.054814403,0.198182094,0.216647528,195.4253026,0.207756388,11.90356422
39.35584199,97.59092985,0.956461861,1.328560291,0.070710478,4.650653636,0.454950867,0.098146784,0.155770665,0.135513503,485.1214417,0.162556418,9.313796708
29.55075453,105.1944746,1.437724403,1.446091912,0.049554097,3.797307795,0.705702524,0.082217159,0.118727703,0.172404399,404.9654016,0.164958208,9.451409138
67.56264178,101.6017723,1.04789298,0.619192733,0.083181575,4.214872164,0.565484051,0.169453047,0.155039909,0.184115791,97.42371807,0.225176388,12.9016567
27.19885758,52.65836866,0.90012795,1.39432798,0.085637936,3.8222773,0.774248398,0.189408897,0.246586536,0.112090626,281.4613637,0.111737968,6.402114002
39.61404992,134.3722034,0.93801203,1.230500072,0.041927362,4.488064872,0.056793147,0.093202367,0.159984124,0.110471384,269.328456,0.271880348,15.5775965
68.20179464,34.35249536,0.707221756,1.181608085,0.084855273,2.860042643,0.568483522,0.097254377,0.215632648,0.170477508,504.4493,0.008481928,0.4859787
44.65844725,67.28016729,1.226643761,1.492061008,0.085074007,4.294386024,0.235504452,0.13572307,0.178193783,0.24947576,90.51043212,0.223315468,12.79503384
32.07366707,91.5450911,1.490558142,1.106095906,0.055323339,3.300780316,0.493141982,0.150262337,0.152763463,0.228184322,222.4092835,0.164952138,9.451061354
69.99702307,114.4372842,1.403817292,1.067909818,0.067290617,4.064803357,0.839341108,0.119251108,0.15545557,0.13149667,513.4869254,0.135492548,7.76315118
41.82527886,116.4709759,0.81347145,1.029406766,0.057019827,4.103463335,0.257076287,0.174783922,0.10416359,0.162092925,506.4151053,0.171067738,9.801459422
58.09300963,74.43380177,1.448508481,1.352481488,0.059487044,4.448717744,0.032473037,0.180363055,0.101846324,0.211534042,336.3638782,0.180126468,10.32048642
20.71423278,87.88845243,0.811844512,0.841225702,0.099306461,4.888967878,0.57424659,0.113640572,0.226403678,0.196475307,383.2315173,0.161036368,9.226704258
47.60504424,133.7355066,0.72738771,0.671022302,0.071145892,3.607577995,0.694918678,0.064122889,0.160846149,0.162173549,89.2840374,0.244479768,14.00765891
55.57116307,112.393642,1.355936951,1.195107789,0.071410173,4.115722151,1.081331495,0.145952154,0.172389929,0.176472798,57.29662665,0.232879448,13.34300953
24.29019564,129.5218557,0.997841621,0.810262067,0.088207259,3.905525833,0.739711918,0.087782651,0.181878182,0.150605586,330.5894146,0.195970908,11.22830596
57.06055368,123.9355715,1.288909567,1.178532476,0.058250195,3.741691044,0.00162869,0.134329086,0.16306162,0.182892096,127.008669,0.274587528,15.73270649
23.16067009,130.9346018,1.027190486,1.287088805,0.091275345,2.553035703,0.514836012,0.066627145,0.127747906,0.23721249,429.3032677,0.17192144,9.850372944
23.74171302,105.5818843,1.400841518,1.409715168,0.060232055,4.244511456,0.216924234,0.063556643,0.151216328,0.157547619,263.9362798,0.239334808,13.71287441
31.1259711,54.38897288,0.928498479,1.451276716,0.080515586,4.718383917,1.195044607,0.098851638,0.123524277,0.103056581,599.7024512,0.047859104,2.742124694
34.32274143,64.53825863,1.1460803,1.033356292,0.069485046,2.927087826,1.181823031,0.066138556,0.115190949,0.215600534,398.4899482,0.046511242,2.66489789
61.52777253,124.693431,1.022916633,1.341710661,0.091503707,4.560267225,0.587351789,0.110630649,0.205658098,0.206473596,156.8494749,0.273319068,15.66002908
22.19699154,120.5875351,1.282203767,0.978483054,0.093284214,2.648676027,0.510209436,0.099659094,0.193521861,0.24512142,372.8442298,0.167772376,9.612649088
,,,,,,,,,,,,
,,,,,,,,,,,,
,,,,,,,,,,,,
,,,,,,,,,,,,
,,,,,,,,,,,,
,,,,,,,,,,,,
,,,,,,,,,,,,
,,,,,,,,,,,,
,,,,,,,,,,,,
,,,,,,,,,,,,
,,,,,,,,,,,,
,,,,,,,,,,,,
,,,,,,,,,,,,
,,,,,,,,,,,,
,,,,,,,,,,,,
,,,,,,,,,,,,
,,,,,,,,,,,,
,,,,,,,,,,,,
,,,,,,,,,,,,
,,,,,,,,,,,,
,,,,,,,,,,,,
,,,,,,,,,,,,
,,,,,,,,,,,,
,,,,,,,,,,,,
,,,,,,,,,,,,
,,,,,,,,,,,,
,,,,,,,,,,,,
,,,,,,,,,,,,
,,,,,,,,,,,,
,,,,,,,,,,,,
,,,,,,,,,,,,
,,,,,,,,,,,,
,,,,,,,,,,,,
,,,,,,,,,,,,
,,,,,,,,,,,,
,,,,,,,,,,,,
,,,,,,,,,,,,
,,,,,,,,,,,,
,,,,,,,,,,,,
,,,,,,,,,,,,
,,,,,,,,,,,,
,,,,,,,,,,,,
,,,,,,,,,,,,
,,,,,,,,,,,,
,,,,,,,,,,,,
,,,,,,,,,,,,
,,,,,,,,,,,,
,,,,,,,,,,,,
,,,,,,,,,,,,
,,,,,,,,,,,,
,,,,,,,,,,,,
,,,,,,,,,,,,
,,,,,,,,,,,,
,,,,,,,,,,,,
,,,,,,,,,,,,
,,,,,,,,,,,,
,,,,,,,,,,,,
,,,,,,,,,,,,
,,,,,,,,,,,,
,,,,,,,,,,,,
,,,,,,,,,,,,
,,,,,,,,,,,,
,,,,,,,,,,,,
,,,,,,,,,,,,
,,,,,,,,,,,,
,,,,,,,,,,,,
,,,,,,,,,,,,
,,,,,,,,,,,,
,,,,,,,,,,,,
,,,,,,,,,,,,
,,,,,,,,,,,,
,,,,,,,,,,,,
,,,,,,,,,,,,
,,,,,,,,,,,,
,,,,,,,,,,,,
,,,,,,,,,,,,
,,,,,,,,,,,,
,,,,,,,,,,,,
,,,,,,,,,,,,
,,,,,,,,,,,,
,,,,,,,,,,,,
,,,,,,,,,,,,
,,,,,,,,,,,,
,,,,,,,,,,,,
,,,,,,,,,,,,
,,,,,,,,,,,,
,,,,,,,,,,,,
,,,,,,,,,,,,
,,,,,,,,,,,,
,,,,,,,,,,,,
,,,,,,,,,,,,
,,,,,,,,,,,,
,,,,,,,,,,,,
,,,,,,,,,,,,
,,,,,,,,,,,,
,,,,,,,,,,,,
,,,,,,,,,,,,
,,,,,,,,,,,,
,,,,,,,,,,,,
,,,,,,,,,,,,
,,,,,,,,,,,,
,,,,,,,,,,,,
,,,,,,,,,,,,
,,,,,,,,,,,,
,,,,,,,,,,,,
,,,,,,,,,,,,
,,,,,,,,,,,,
,,,,,,,,,,,,
,,,,,,,,,,,,
,,,,,,,,,,,,
,,,,,,,,,,,,
,,,,,,,,,,,,
,,,,,,,,,,,,
,,,,,,,,,,,,
,,,,,,,,,,,,
,,,,,,,,,,,,
,,,,,,,,,,,,
,,,,,,,,,,,,
,,,,,,,,,,,,
,,,,,,,,,,,,
,,,,,,,,,,,,
,,,,,,,,,,,,
,,,,,,,,,,,,
,,,,,,,,,,,,
,,,,,,,,,,,,
,,,,,,,,,,,,
,,,,,,,,,,,,
,,,,,,,,,,,,
,,,,,,,,,,,,
,,,,,,,,,,,,
,,,,,,,,,,,,
,,,,,,,,,,,,
,,,,,,,,,,,,
,,,,,,,,,,,,
,,,,,,,,,,,,
,,,,,,,,,,,,
,,,,,,,,,,,,
,,,,,,,,,,,,
,,,,,,,,,,,,
,,,,,,,,,,,,
,,,,,,,,,,,,
,,,,,,,,,,,,
,,,,,,,,,,,,
,,,,,,,,,,,,
,,,,,,,,,,,,
,,,,,,,,,,,,
,,,,,,,,,,,,
,,,,,,,,,,,,
,,,,,,,,,,,,
,,,,,,,,,,,,
,,,,,,,,,,,,
,,,,,,,,,,,,
,,,,,,,,,,,,
,,,,,,,,,,,,
,,,,,,,,,,,,
,,,,,,,,,,,,
,,,,,,,,,,,,
,,,,,,,,,,,,
,,,,,,,,,,,,
,,,,,,,,,,,,
,,,,,,,,,,,,
,,,,,,,,,,,,
,,,,,,,,,,,,
,,,,,,,,,,,,
,,,,,,,,,,,,
,,,,,,,,,,,,
,,,,,,,,,,,,
,,,,,,,,,,,,
,,,,,,,,,,,,
,,,,,,,,,,,,
,,,,,,,,,,,,
,,,,,,,,,,,,
,,,,,,,,,,,,
,,,,,,,,,,,,
,,,,,,,,,,,,
,,,,,,,,,,,,
,,,,,,,,,,,,
,,,,,,,,,,,,
,,,,,,,,,,,,
,,,,,,,,,,,,
20,30,0.7,0.6,0.035,2.5,0,0.05,0.1,20,20,0.07705459,
70,135,1.5,1.5,0.1,5,1.2,0.2,0.25,600,600,0.114440925,
